07409FE8-736E-65DE-A317-B1A6C9F1EC3C,2
2A1ED199-3CF6-22AD-24F7-695B5A28A4FF,1
B8FA9B31-311F-C5D6-3217-C33A2A39942E,8
01470684-EB08-2193-254D-406E2D5D59F8,5
FC3FB81E-C1FF-90F4-6B85-6D95B299A282,6
861D2752-9BB7-CB21-A234-0EF52FDA3933,5
E16C271A-EADD-1447-D4AD-AF6245CF7733,6
4609EAA3-A320-D366-7798-34F25950DEC0,10
1AF2D228-91AF-5482-E3EB-73C92701573F,3
D8E1C395-41F0-B0D2-1D9A-7C63DD308940,2
77D44AD3-4CBD-AA7A-F8B2-E36A8435EF31,8
1D4F8667-0FF1-C58D-E185-AE55B60B7CE5,8
0C777DD0-EEF4-1C73-1D98-83936B31FAA5,5
FAE5436C-10B5-DFA0-9B29-A7AABAFAEC8D,7
B1A09A7E-F7E6-666B-4208-5DB326ACFD7D,3
DEFB253F-4CFA-1795-4EA9-F98266960B7C,1
8E87C097-EB32-B023-B318-830C6162061C,9
076E0B38-A3B7-3ECD-A75A-34BC1BDF4396,4
76D8FD51-A913-43BC-1832-6A6886D72FD8,8
4C7722D9-3930-2869-E484-37CA55653EEF,9
4E22D914-60C6-B53E-5373-8D2CC6FCC88D,7
C459E86C-7DFF-1121-D423-90C75BB35C9E,10
C0D8DD43-45CE-AB86-DBBE-49865BAE3A09,9
172D1DA1-FCCE-4144-B50B-DA3FF2730A6E,1
DB3186AF-8052-3F62-0D6B-7B1EA6B8ED65,1
69AC8D68-5F2C-3D46-CA85-5869E47DDFA2,4
8CF96C66-ECA1-C0CF-A07B-634752F3D136,8
121B07A1-AB10-7B69-758D-B616B0519603,10
A08B06DA-B800-DBA9-3018-3E1294042384,6
672B283A-1381-F632-E5C7-F9E157AD05C4,7
8144E535-6A0C-6C6A-5121-2ED2E5D73DA2,3
932B29EA-375B-3922-F117-17B5AF40FA87,8
1E4C08A9-A091-28F6-B98A-EE3D6A27CB9F,5
EF37EF3E-BCDC-319D-36C0-C649898EE7FA,10
2CE58353-1138-A1B3-4FA6-26256490BE3E,2
EC357C6C-C172-090D-B391-7AF59161608A,3
ABEC8C23-F8F1-23EC-2DB6-8D5F9220D2BD,6
1E1FF23A-811D-D43C-915F-A4714DBC11D9,10
C6EC534F-074D-7152-41EA-40C161DCB452,5
D88FAA2D-8264-A06E-9457-B12E6CE8EFFB,5
00AA18B6-929F-BBBC-85C9-7A95013EF2CB,10
CA8E3950-EEA2-8EEC-6248-BD877AF84F8D,8
3338601E-1FF6-055F-FCB0-E2F9FEDE2864,9
0C907307-B428-AB49-E3C3-F1D359963C18,6
72653852-4125-AED7-D838-899924E7EDB6,3
92DB6DDF-800E-BADD-F190-AB6553B94CCA,9
A5FA132F-1B9D-0632-A1E3-BCC0B71CF743,7
F9A0EC74-C805-708A-9621-F68ED446F6A2,3
71C7E6A5-7DBD-95BE-049B-E00FBB0A4FB8,2
501AA902-0825-C494-5F76-72BFA5956057,6
4A117E05-8C24-8BAE-9993-5251E6F0E235,4
5EFED03C-FDFD-26ED-0262-F435FF7D1E72,5
4ABBA236-8395-1182-E719-E95DC89E312E,8
DC5F5527-03D7-9BB6-297D-815EFA7CE8B0,10
A87D7180-DFAA-36D3-7D0D-61D84A7B55D5,10
3F2E0853-B5BA-4A70-9E28-3B3A7AFF25F1,7
6FB74D9B-B59D-CDA1-7045-DA1E82177B98,9
A4DC6F6E-BF57-7231-2D29-0DBA683AF0BA,1
A334AF23-865C-7964-B32B-AC689DF02ED3,1
091F023E-C395-CD4C-2243-60388DC0C417,1
BA239C1F-68F5-7877-986F-27D8D58C9469,8
36C457FD-70A7-A217-789A-6083287D2ACB,6
F45E3D54-3BC5-F92D-5B38-B90E86935687,2
9F1684C9-59A8-C9AA-76A2-5B26F6DBF84B,10
68FE77E3-541C-B2C1-3F92-9CB1E82815E8,6
21ABFF01-66B4-1365-4D5B-71B7D133A3BB,6
4FFB1488-922A-32AB-2A2F-343EE5A1D22E,4
F770A037-977B-06D4-413F-4D99CEC049F9,2
36674E5C-5F62-FF85-8EBF-8AD3559E35D0,4
05624F2D-5F7C-1CC6-95DD-26A745D652E5,9
2F3D1DA0-89E7-C394-0C63-899FB5ABD388,4
4D843318-F047-8DCD-41DA-115FF4718717,2
C536314E-E393-91A5-4123-BAD785CD9D06,9
32D27EC6-404D-D688-919F-31F2B5B4E511,9
15F2E79B-35DE-535B-9B4D-578A1CD74552,3
BB2C7B86-85BF-9D93-A7AF-2CB7C8562FEE,4
B60F2772-581E-6766-90FA-9D4FD75852A6,7
3E3FA5CD-DF73-4EA0-27A0-4C6FADDCFB52,8
41182394-8A8A-F3EF-E317-FCC096262999,3
F990979C-E8E5-49E4-4084-C3F144F969B1,3
EE927F96-B9A5-9B85-64DF-1CA825450FCC,7
366129E1-CC85-A211-48A0-36297E06BF88,5
1574E59D-6AD9-D260-4655-787074C147E9,7
29B0EB7C-6996-FBFB-F07E-E1F4CBFBFF49,7
5AF007B5-41F6-99E5-9956-976FEF3FAC99,4
3A3E3407-5452-2D4C-C25B-6DDB3895B9BE,9
BFA76DA2-E5A6-CC07-D2D6-B51368B1ADBC,4
23BD5DC9-DC8B-B42D-1DCB-5B240A2692B6,10
6C8F25DF-5981-2452-2D40-4C2DB67106A9,3
664600D0-9B38-E05C-3302-0362581B46CB,9
3079529E-16A7-5DB1-6250-85E0BF8C20DC,5
95458DA4-98F6-35B6-691C-E9288E4FEAC7,4
DA23B0FE-178F-B1B5-6588-3DB7C4D76A18,9
A8DB4A9C-DE2F-5C9F-0E99-B1CDBC8AD21A,2
9D272083-93E9-B8C5-48AE-6446D8B8A6E2,9
D897784E-2951-BDCE-A44B-8FCDC8CCBB19,6
34F51881-F0A8-7B5B-5965-14EC19C9C669,1
34B6C961-1AFF-510B-C0BD-DBD9E32B16A3,3
F38417C1-10AE-DD9E-798E-65A8799388F7,3
C507E60C-CD16-68C0-3C49-93A049D2651F,7